route_point,x,y
0,0.0,0.0
1,0,0
2,0.0146,-0.0113
3,0.049,-0.002
4,0.0834,0.0137
5,0.1178,0.0262
6,0.1553,0.0324
7,0.1959,0.0387
8,0.2334,0.0418
9,0.2741,0.0418
10,0.3147,0.0449
11,0.3522,0.0449
12,0.3959,0.0449
13,0.4366,0.0512
14,0.471,0.0606
15,0.5085,0.0606
16,0.5428,0.0731
17,0.5803,0.0793
18,0.6178,0.0856
19,0.6553,0.0918
20,0.696,0.0981
21,0.7304,0.1137
22,0.7647,0.1262
23,0.8022,0.1356
24,0.8366,0.1481
25,0.871,0.1637
26,0.9116,0.1699
27,0.9491,0.1793
28,0.9866,0.1981
29,1.0179,0.22
30,1.0523,0.2387
31,1.0867,0.2575
32,1.1179,0.2762
33,1.1492,0.295
34,1.1679,0.3043
35,1.1898,0.3137
36,1.1929,0.3512
37,1.1992,0.3794
38,1.1554,0.2825
39,1.1867,0.3012
40,1.2148,0.3231
41,1.2429,0.3481
42,1.2429,0.3856
43,1.2304,0.42
44,1.2273,0.4575
45,1.2242,0.5012
46,1.2148,0.5387
47,1.2085,0.5794
48,1.2023,0.6169
49,1.196,0.6544
50,1.1898,0.695
51,1.1804,0.7294
52,1.1742,0.7669
53,1.1742,0.8075
54,1.1742,0.845
55,1.1742,0.8825
56,1.1742,0.9201
57,1.1773,0.9576
58,1.2054,0.9794
59,1.2429,0.9919
60,1.2773,1.0013
61,1.3148,1.0076
62,1.3523,1.0107
63,1.3898,1.0107
64,1.4304,1.0107
65,1.4711,1.0107
66,1.5148,1.0107
67,1.5523,1.0107
68,1.5961,1.0107
69,1.6336,1.0107
70,1.6742,1.0107
71,1.7149,1.0107
72,1.7524,1.0107
73,1.7899,1.0138
74,1.8305,1.0138
75,1.8743,1.0138
76,1.9149,1.0138
77,1.9555,1.0138
78,1.9899,1.0294
79,2.0055,1.0638
80,1.9649,1.0576
81,1.9649,1.1013
82,1.9774,1.1388
83,1.9836,1.1795
84,1.9899,1.217
85,1.9961,1.2607
86,1.9961,1.3014
87,1.9993,1.342
88,1.9993,1.3826
89,1.9993,1.4201
90,1.9993,1.4576
91,2.0086,1.4951
92,2.0149,1.5358
93,2.0149,1.5764
94,2.0118,1.617
95,2.0055,1.6545
96,1.9961,1.692
97,1.9899,1.7327
98,1.9868,1.7733
99,1.9805,1.8108
100,1.9711,1.8483
101,1.9649,1.8858
102,1.9524,1.9202
103,1.9211,1.9452
104,1.8868,1.9577
105,1.8555,1.9765
106,1.8211,1.9952
107,1.7867,2.014
108,1.55,2.05
